Header 1,Header 2,Header 3,Header 4,Header 5,Header 6,Header 7,Header 8,Header 9,Header 10
1,1,1,1,1,1,1,1,1,1
2,2,2,2,2,2,2,2,2,2
3,3,3,3,3,3,3,3,3,3
4,4,4,4,4,4,4,4,4,4
5,5,5,5,5,5,5,5,5,5
5,5,5,5,5,5,5,5,5,5
4,4,4,4,4,4,4,4,4,4
3,3,3,3,3,3,3,3,3,3
2,2,2,2,2,2,2,2,2,2
1,1,1,1,1,1,1,1,1,1
1,1,1,1,1,1,1,1,1,1
2,2,2,2,2,2,2,2,2,2
3,3,3,3,3,3,3,3,3,3
4,4,4,4,4,4,4,4,4,4
5,5,5,5,5,5,5,5,5,5
6,6,6,6,6,6,6,6,6,6
1,1,1,1,1,1,1,1,1,1
3,3,3,3,3,3,3,3,3,3
2,2,2,2,2,2,2,2,2,2
1,1,1,1,1,1,1,1,1,1
6,6,6,6,6,6,6,6,6,6
1,1,1,1,1,1,1,1,1,1
7,7,7,7,7,7,7,7,7,7
1,1,1,1,1,1,1,1,1,1
8,8,8,8,8,8,8,8,8,8
1,1,1,1,1,1,1,1,1,1
1,1,1,1,1,1,1,1,1,1
